user_id,username,email,registration_date
1,Manan Soman,majumdarrachit@example.com,4/21/2024
2,Akshay Dugal,benjamin66@example.com,5/23/2024
3,Hritik Dave,sneha38@example.com,12/17/2024
4,Kai Bumb,irya82@example.org,12/19/2024
5,Avi Chaudhry,udantsridhar@example.com,7/16/2024
6,Rishi Varghese,okeer@example.com,2/17/2024
7,Gayathri Mane,chaudryayush@example.net,2/22/2024
8,Tristan Ramanathan,cnarula@example.com,7/25/2023
9,Diya Chaudry,darshchoudhury@example.com,1/12/2024
10,Netra Datta,libni26@example.net,11/10/2024
11,Nachiket Seshadri,sarkarnimrat@example.com,1/13/2025
12,Mitesh Mallick,cherianeta@example.net,2/20/2024
13,Ikbal Saxena,thamantanveer@example.net,1/6/2024
14,Aarini Salvi,xoza@example.net,9/1/2023
15,Rayaan Kaul,kamyapant@example.org,9/15/2024
16,Oviya Jani,raksha90@example.com,12/29/2024
17,Bakhshi Garg,miyengar@example.com,11/6/2023
18,Vaishnavi Aggarwal,teerth29@example.org,3/2/2023
19,Oeshi Vohra,gauriprasad@example.net,3/3/2023
20,Devika Madan,dcherian@example.org,10/31/2023
21,Orinder Bail,urishillaanand@example.com,11/19/2023
22,Logan Bhatnagar,nidrashanker@example.org,12/19/2023
23,Jeremiah Sodhi,mohini97@example.org,9/23/2023
24,Ekbal Sha,vmuni@example.org,2/16/2025
25,Avi Viswanathan,ekanshdeo@example.com,2/22/2024
26,Nakul Mohan,ymemon@example.org,2/2/2024
27,Chaitanya Magar,goswamiadvik@example.com,1/20/2025
28,Yadavi Madan,gautamikamdar@example.net,2/26/2024
29,Hardik Pathak,faqidrai@example.com,1/29/2024
30,Dayita Bhardwaj,shettygopal@example.net,4/17/2023
31,Samarth Radhakrishnan,lsanghvi@example.net,12/31/2024
32,Amruta Natt,fbose@example.com,12/14/2023
33,Gaurang Kuruvilla,gauravtoor@example.net,12/13/2024
34,Yachana Kalla,mohanishani@example.com,9/5/2023
35,Nachiket Lall,chowdhuryoeshi@example.com,11/6/2023
36,Akshay Sur,bishakha97@example.net,9/3/2023
37,Amol Murthy,rajaneshana@example.org,2/1/2024
38,Niharika Arya,ovala@example.org,12/20/2024
39,Chatresh Konda,jraman@example.org,5/16/2024
40,Liam Pathak,balichandani@example.org,9/30/2024
41,Yochana Lad,balendrashenoy@example.org,11/23/2024
42,Utkarsh Agrawal,chaitalytak@example.org,12/6/2024
43,Bishakha Sood,gunbir96@example.net,4/4/2024
44,Kevin Kakar,karan54@example.org,8/4/2024
45,Unnati Mani,issacakshay@example.net,9/6/2023
46,Vrinda Edwin,charitadeshmukh@example.net,2/14/2025
47,Jagvi Dayal,qgara@example.net,12/22/2024
48,Bhavini Khatri,mkarpe@example.com,9/27/2024
49,Oscar Mammen,xshan@example.org,2/4/2025
50,Varenya Prasad,mittercharita@example.com,4/26/2023
51,Nihal Halder,tjha@example.net,1/7/2025
52,Inaya Varma,wyatt05@example.org,4/28/2024
53,Gauri Aggarwal,mittalsachi@example.com,10/12/2023
54,Upasna Kunda,wkrish@example.net,3/31/2024
55,Fariq Sachar,bimala87@example.com,12/16/2024
56,Gunbir Chowdhury,neelmannan@example.org,10/17/2024
57,Patrick Mammen,cjha@example.com,10/31/2024
58,Eshana Mahajan,vartyindrajit@example.net,6/4/2024
59,Ayaan Jain,falan60@example.com,2/24/2025
60,Charan Sem,atailor@example.org,9/29/2023
61,Tarak Saraf,misraandrew@example.com,8/9/2024
62,Hemal Pal,suhanidani@example.com,6/10/2024
63,Jairaj Agarwal,dbora@example.org,2/3/2024
64,Omkaar Shankar,biswasmegha@example.com,11/17/2023
65,Andrew Edwin,tsalvi@example.com,8/4/2024
66,Hemang Deo,muniladli@example.net,12/28/2023
67,Arya Uppal,henryben@example.net,5/20/2024
68,Radha Lall,mvohra@example.com,5/9/2023
69,Hemang Sandal,kavyasehgal@example.com,10/29/2024
70,Kashish Choudhry,cdora@example.net,10/25/2024
71,Pooja Acharya,anmolgoda@example.org,3/6/2024
72,Reyansh Natarajan,guneetpatla@example.org,12/10/2023
73,Utkarsh Bhat,niharika55@example.org,6/16/2024
74,Tanish Purohit,sathviktailor@example.org,2/11/2025
75,Advaith De,dev04@example.com,12/18/2023
76,Anjali Kohli,kmand@example.org,11/30/2023
77,Charvi Venkatesh,abdulprasad@example.org,10/9/2024
78,Zehaan Manne,yashodharasodhi@example.com,10/9/2024
79,Triya Iyer,troy@example.com,8/31/2023
80,Veer Nigam,prasadmekhala@example.org,2/26/2025
81,Urvashi Mangat,diyaloyal@example.org,3/22/2024
82,Pooja Gaba,xitikant@example.org,7/31/2024
83,Faraj Kara,vansha38@example.com,1/13/2024
84,Garima Bahl,chauhankevin@example.org,9/27/2024
85,Aradhana Sama,duttjasmit@example.com,10/6/2024
86,Urvi Chander,schahal@example.net,1/6/2025
87,Vivaan Rege,hemani67@example.com,9/24/2023
88,Jagdish Hayer,xbanerjee@example.org,12/8/2023
89,Chameli Sagar,bwali@example.net,10/26/2024
90,Jasmit Nagar,yashicadugal@example.com,7/9/2023
91,Ranbir Majumdar,cbrahmbhatt@example.com,5/1/2024
92,Radha Bose,wdalal@example.com,8/23/2023
93,Thomas Dubey,chaudhurigaurav@example.net,6/5/2023
94,Siddharth Sheth,behlhredhaan@example.org,12/11/2024
95,Chandani Ramanathan,yashodharaborra@example.net,10/24/2023
96,Eta Comar,goursaksham@example.com,4/15/2023
97,Onkar Nazareth,aarnav89@example.com,8/4/2024
98,Baghyawati Chaudry,chatura67@example.com,9/11/2024
99,Jonathan Venkataraman,upkaarkalita@example.com,11/17/2023
100,Ayaan Basu,ekbalratti@example.org,6/1/2023
101,Dayamai Sangha,qkurian@example.net,7/25/2023
102,Aarav Chandran,chanderneelima@example.org,10/27/2023
103,Upadhriti Divan,vrajagopalan@example.org,12/23/2023
104,Aradhana Babu,gangulygagan@example.net,5/25/2023
105,Falan Bhattacharyya,gokhalebalvan@example.net,6/27/2023
106,Isha Chadha,amrutashanker@example.com,9/16/2023
107,Chakrika Patel,yashodadeol@example.com,3/21/2023
108,Jagat Seshadri,avasa@example.com,8/7/2024
109,Lopa Atwal,siddharthatwal@example.net,9/21/2024
110,Ekantika Gaba,yachana49@example.net,1/7/2025
111,Bakhshi Yadav,jbalay@example.org,12/12/2023
112,Hemangini Luthra,dixitfalguni@example.org,11/14/2023
113,Leena Lal,kavyamahal@example.net,8/17/2024
114,Ishwar Lad,qupadhyay@example.net,5/29/2024
115,Vrinda Dâ€™Alia,abhiramkohli@example.com,4/15/2023
116,Janaki Banerjee,kai47@example.com,7/15/2023
117,Manan Bhasin,kyogi@example.org,5/24/2023
118,Jalsa Rastogi,prao@example.org,9/26/2023
119,Charvi Bhandari,oanne@example.org,7/9/2024
120,Yug Radhakrishnan,igola@example.org,9/25/2023
121,Avi Rama,isha96@example.com,10/8/2023
122,Jeremiah Borra,tiwarivivaan@example.com,10/17/2024
123,Adweta Manne,manderucchal@example.org,1/19/2025
124,Omkaar Wable,xalak86@example.com,5/14/2024
125,Urvi Kota,vchanda@example.com,9/9/2024
126,Yash Koshy,bhavyabhagat@example.org,6/28/2023
127,Sai Vaidya,waliasiddharth@example.net,12/13/2024
128,Balvan Rastogi,choudhryjonathan@example.com,2/5/2024
129,Brinda Nigam,gpalan@example.com,1/4/2024
130,Nidra Dora,manthan38@example.org,10/7/2024
131,Ekiya Basu,kotapatrick@example.org,10/17/2023
132,Dev Bava,falansule@example.com,10/6/2024
133,Brinda Dhar,bbhatia@example.org,8/29/2023
134,Jasmit Jani,lopa65@example.net,5/27/2024
135,Turvi Tara,sachi60@example.com,12/6/2023
136,Samesh Rajan,lmalhotra@example.net,11/7/2023
137,Gautam Bakshi,netrasura@example.net,1/5/2025
138,Panini Jaggi,wpatla@example.com,12/12/2023
139,Kashish Sandhu,jyotidhawan@example.com,1/16/2024
140,Dalaja Buch,gaurika32@example.org,6/20/2024
141,Nathaniel Sarin,george27@example.com,1/1/2025
142,Kashvi Dasgupta,balendramorar@example.net,6/6/2023
143,Wyatt Raj,garimaparmar@example.net,6/8/2024
144,Ishwar Sahota,ayushman75@example.net,7/7/2023
145,Owen Chokshi,purinaveen@example.com,9/7/2024
146,Quincy Viswanathan,hritik67@example.net,7/7/2024
147,Aarna Khare,varmajeet@example.net,10/25/2024
148,Pranav Vyas,mrajagopalan@example.org,9/27/2023
149,Kala Puri,chaudhryavi@example.net,6/14/2024
150,Jack Rege,bhandariishaan@example.org,3/8/2024
151,David Saran,ladlivyas@example.net,6/30/2023
152,Geetika Behl,kuriandarsh@example.net,7/28/2024
153,Nisha Dalal,pandeyazaan@example.org,7/12/2023
154,George Barad,njain@example.org,6/5/2024
155,Harini Sankaran,ramanathaniel@example.net,3/22/2023
156,Ekalinga Barman,gangulyyashica@example.com,1/23/2024
157,Chasmum Karnik,kkakar@example.com,9/1/2023
158,Jagrati Mukhopadhyay,amairamisra@example.net,4/16/2023
159,Parth Vaidya,george61@example.com,10/28/2024
160,Janani Vala,aditya60@example.com,12/18/2023
161,Devika Suri,meera36@example.com,10/16/2023
162,Januja Sachdev,sachi02@example.org,12/13/2024
163,Zansi Puri,nairwishi@example.org,8/26/2023
164,Vivaan Walla,gayathrikothari@example.com,5/10/2024
165,Nilima Dhawan,dsharaf@example.net,12/30/2024
166,Xiti Pal,parmerchaman@example.com,6/27/2024
167,Azaan Sampath,qasim89@example.net,12/11/2024
168,Ekaja Khanna,ekanshdasgupta@example.net,3/8/2023
169,Ekta Khanna,henry63@example.net,11/16/2024
170,Brijesh Ramachandran,bkrishnamurthy@example.net,3/26/2023
171,Vritti Biswas,urau@example.org,5/8/2024
172,Ijaya Bahl,prakashkalpit@example.com,1/7/2024
173,Arin Srinivas,dhriti82@example.com,3/12/2023
174,Panini Mall,aadiaurora@example.com,4/28/2023
175,Rishi Sawhney,mitalinatt@example.org,4/6/2024
176,Atharv Mody,upma99@example.org,7/1/2023
177,Nitesh Kadakia,ridhi23@example.net,1/14/2024
178,Anjali Sanghvi,rtata@example.com,6/25/2024
179,Anita Kakar,kadeturvi@example.org,10/9/2023
180,Oscar Narasimhan,theodorehegde@example.org,2/25/2024
181,Advik Dhaliwal,bdube@example.net,6/24/2023
182,Harita Kannan,ethan67@example.org,9/11/2024
183,Bhavini Kala,ganeshlekha@example.com,11/29/2024
184,Bakhshi Bajwa,atrivedi@example.net,7/6/2024
185,Priya Bhalla,ekiyapatel@example.net,4/13/2023
186,Vedika Verma,choudhryjanaki@example.net,11/16/2023
187,Udyati Shanker,teerthdada@example.org,4/17/2023
188,Simon Kant,frederickswamy@example.net,3/18/2023
189,Neha Jain,mayadayal@example.net,6/17/2024
190,Zaid Lalla,gaurav78@example.com,1/13/2024
191,Matthew Manda,nachiketatwal@example.org,11/21/2024
192,Zinal Hans,qranganathan@example.net,7/7/2024
193,Arunima Varkey,tmangat@example.net,6/19/2023
194,Rachita Amble,pushtisankaran@example.net,5/12/2024
195,Veer Rai,aaravdasgupta@example.net,9/11/2023
196,Bina Sastry,mitterjagrati@example.org,5/31/2023
197,Nikita Manne,wkar@example.com,2/11/2024
198,Gauri Dora,dateishita@example.org,7/25/2023
199,Samesh Bhalla,jhalak03@example.net,2/12/2025
200,Kabir Handa,bhandarijeet@example.net,8/14/2023
201,Caleb Gulati,laksh08@example.org,2/16/2024
202,Lakshit Pandya,jainmatthew@example.org,11/23/2023
203,Januja Thaman,varkeymax@example.net,1/20/2024
204,Wyatt Hans,calebrau@example.com,7/14/2024
205,Tanay Gera,bavaamol@example.org,12/23/2023
206,Krisha Goel,shivansh31@example.org,8/10/2024
207,Damyanti Raja,brindaacharya@example.net,11/27/2023
208,Ati Sani,pallakshmi@example.net,1/22/2024
209,Zashil Narasimhan,hemanginisankar@example.org,3/11/2024
210,Samuel Sha,osolanki@example.com,5/21/2024
211,Lakshmi Kaur,leenaparmer@example.net,5/24/2023
212,Vihaan Sahota,ojasdas@example.net,10/29/2023
213,Chaitaly Bajwa,yastijani@example.net,8/1/2024
214,Lekha Ganesh,cherianisaiah@example.net,10/12/2024
215,Liam Dewan,edhillon@example.com,1/23/2025
216,Vedant Swaminathan,dinkamala@example.net,7/29/2024
217,Wyatt Morar,bhavika90@example.com,7/22/2023
218,Charvi Morar,jacob96@example.net,7/7/2024
219,Chaitaly Narain,aadhya64@example.com,2/15/2024
220,William Ramakrishnan,vkumar@example.com,8/10/2023
221,Ayushman Singh,asachdev@example.org,5/23/2024
222,Geetika Aurora,sanishaurya@example.net,4/14/2023
223,Ekiya Golla,modyosha@example.org,11/28/2024
224,Ayushman Toor,christopher48@example.net,1/24/2025
225,Zehaan Chaudry,asidhu@example.net,7/8/2024
226,Tristan Kapoor,krishalexander@example.net,10/14/2023
227,Warhi Shanker,janiidika@example.com,10/25/2023
228,Gautami Bahl,reyanshshere@example.com,3/10/2023
229,Umang Buch,blad@example.com,9/13/2023
230,Vansha Thaman,cyogi@example.com,9/21/2024
231,Yashasvi Aggarwal,nkamdar@example.org,1/18/2025
232,Bhavika Srinivas,krishnanarin@example.net,7/19/2023
233,Alexander Sibal,vkala@example.com,10/13/2023
234,Brinda Dora,saraffrederick@example.net,10/3/2024
235,Mohini Palan,khatricaleb@example.com,12/31/2024
236,Urmi Kalita,doraomaja@example.net,10/10/2023
237,Manbir Keer,zachariahpahal@example.net,11/11/2024
238,Ishani Dhingra,ckapadia@example.net,9/23/2024
239,Faqid Rout,dhaliwalwaida@example.net,6/26/2023
240,Ekiya Dyal,thomas07@example.org,4/25/2024
241,Dhriti Apte,upkaar11@example.net,6/28/2023
242,Rajeshri Raju,sehgalraagini@example.net,7/14/2023
243,Jasmit Joshi,dcheema@example.com,4/15/2024
244,Siddharth Ratti,vrindasachar@example.org,7/29/2023
245,Yasti Dube,hredhaanrama@example.net,1/31/2025
246,Gunbir Sachdeva,chasmumnaik@example.net,3/11/2024
247,Urvi Dugal,divya49@example.com,10/9/2024
248,Saanvi Dhar,oeshisura@example.org,5/28/2024
249,Gaurang Sagar,hshan@example.net,4/26/2023
250,Ansh Desai,netrachowdhury@example.org,4/5/2024
251,Yashoda Bawa,bsarraf@example.com,8/11/2024
252,Adya Barad,isaacsampath@example.com,5/20/2024
253,Bhavani Solanki,zsamra@example.net,10/1/2024
254,Zayyan Goel,jyoti82@example.org,6/2/2024
255,Tanish Pall,chaitanyatailor@example.org,11/20/2024
256,Naksh Nagar,dayamai31@example.net,3/12/2023
257,Kalpit Dixit,sawhneyadvay@example.org,4/16/2024
258,Oliver Mukherjee,ahalder@example.org,9/16/2024
259,Andrew Venkatesh,zayandyal@example.net,6/16/2024
260,Lopa Peri,ishaan77@example.org,8/12/2023
261,Forum Chada,snehawali@example.org,10/9/2024
262,Wazir Krishnamurthy,amahajan@example.org,12/14/2023
263,Balveer Bains,vyaspavani@example.net,1/1/2024
264,Bimala Mohan,lajita56@example.net,5/22/2024
265,Ryan Dhawan,wupadhyay@example.org,5/12/2024
266,Pranit Dhar,banjeetmody@example.com,5/2/2023
267,Eshana Hegde,damble@example.net,4/2/2023
268,Wazir Wagle,shaurya41@example.net,1/29/2025
269,Mekhala Sood,chanamanbir@example.net,7/12/2023
270,Vaishnavi Kata,sankaranishaan@example.org,11/26/2023
271,Vedika Chokshi,kbiswas@example.org,4/2/2024
272,Advaith Wason,bhavnamaster@example.net,2/17/2024
273,Balvan Randhawa,tnigam@example.net,11/10/2023
274,Aayush Choudhury,atiraval@example.net,5/3/2023
275,Aditya Rajagopal,khoslayahvi@example.net,9/22/2023
276,Luke Mand,vparsa@example.org,11/27/2023
277,Karan Swamy,samagaurav@example.com,6/9/2023
278,Vritti Wable,kbhatt@example.org,2/10/2024
279,Lakshit Sood,jayaramansiya@example.org,10/21/2023
280,Theodore Tailor,ekbal84@example.org,11/30/2023
281,Manan Hari,hbatta@example.com,9/16/2024
282,Isha Balay,hemangini61@example.net,11/16/2024
283,Ridhi Edwin,chokshizehaan@example.net,10/19/2024
284,Ojas Subramaniam,ygrover@example.com,4/30/2024
285,Isaiah Kade,usrivastava@example.com,11/5/2024
286,Oviya Hari,sastryyauvani@example.net,1/26/2025
287,Qasim Ram,kadesaanvi@example.org,6/12/2024
288,Wriddhish Wagle,bratti@example.org,1/2/2025
289,Manthan Kala,ckata@example.com,6/12/2023
290,Jackson Narain,diya57@example.org,6/1/2023
291,Nimrat Anne,parmaradya@example.net,6/12/2024
292,Rehaan Minhas,edhitha91@example.net,8/2/2024
293,Veda Bhargava,aayush10@example.org,12/18/2024
294,Lopa Singhal,pbir@example.com,4/7/2023
295,Tanveer Rana,ngupta@example.net,2/27/2025
296,Ekanta Bhardwaj,bajajmanya@example.net,12/21/2023
297,Hardik Dar,qushi11@example.org,4/4/2024
298,Alexander Datta,poojasridhar@example.net,11/3/2023
299,Raghav Bandi,parmerbakhshi@example.org,10/30/2023
300,Tanveer Sarraf,goelquincy@example.net,2/12/2025
301,Mitali Khosla,aryaganesh@example.net,6/3/2023
302,Aarnav Doctor,baradazaan@example.org,3/4/2023
303,Ubika Maharaj,riyasridhar@example.org,7/14/2024
304,Ira Mody,igoyal@example.net,3/16/2023
305,Qarin Mitra,ckhanna@example.org,1/12/2024
306,Aarini Pandey,bahadurjit75@example.org,3/30/2023
307,Dominic Dada,aahanasaini@example.com,3/23/2023
308,Raghav Pillai,pchacko@example.org,2/20/2024
309,Krishna Chada,praneel71@example.net,9/21/2024
310,Anamika Rege,jagdish15@example.org,4/16/2023
311,Avni Handa,girishpant@example.org,1/4/2025
312,Adweta Yadav,mmanne@example.org,1/22/2024
313,Neha Anand,johaltanay@example.com,12/18/2024
314,Warinder Desai,adwetarana@example.org,7/10/2023
315,Bishakha Kannan,deepa97@example.net,10/12/2023
316,Imaran Suresh,sanayapalla@example.com,10/13/2024
317,Yash Kashyap,reva47@example.net,7/19/2024
318,Faqid Prashad,jdoctor@example.org,9/11/2023
319,Inaya Sethi,kalaaarna@example.com,2/1/2024
320,Advik Om,regeisha@example.org,12/7/2024
321,Veer Prabhakar,yraval@example.com,2/13/2025
322,Nakul Sankaran,senguptareva@example.org,10/20/2024
323,George Manne,onagar@example.com,5/11/2024
324,Ranbir Dhawan,sagarfarhan@example.com,6/3/2023
325,Hemal Soni,gadevihaan@example.org,4/20/2023
326,Jai Mahal,ojasvi67@example.net,8/9/2023
327,Advaith Mital,iverma@example.net,10/18/2024
328,Rushil Toor,wakeeta01@example.net,2/17/2025
329,Joshua Rastogi,qarinkari@example.net,4/28/2024
330,Megha Apte,smody@example.net,8/11/2024
331,Edhitha Sarma,hoza@example.org,11/28/2024
332,Pratyush Rattan,jeetvarghese@example.com,5/15/2024
333,Lucky Pillai,ekiya14@example.org,1/22/2025
334,Faraj Dada,geetika43@example.org,1/27/2025
335,Yashica Pandey,rastogioscar@example.net,7/18/2024
336,Yasti Choudhury,chauhanom@example.net,12/19/2023
337,Urishilla Baral,vyanjanasidhu@example.net,11/10/2024
338,Ojas Hans,vyanjana81@example.com,4/16/2024
339,Wakeeta Rege,aryakeya@example.com,7/11/2023
340,Simon Ganesan,troy@example.com,6/4/2024
341,Panini Chada,nhans@example.com,5/13/2023
342,Odika Kant,zansireddy@example.net,8/21/2023
343,Girik Sarna,ati92@example.org,3/25/2023
344,Advik Raja,chameli97@example.net,8/7/2023
345,Mitesh Jayaraman,idika58@example.org,7/24/2024
346,Harsh Jani,rkeer@example.net,6/10/2024
347,Ira Saini,vasana04@example.net,2/27/2025
348,Janaki Nadig,libnibora@example.com,8/6/2023
349,Kavya Pillai,qchakrabarti@example.com,4/16/2024
350,Siya Basu,fsane@example.com,3/24/2024
351,Qarin Bhatnagar,thakerindali@example.com,10/15/2024
352,Lucky Nadig,dbobal@example.org,4/12/2023
353,Leena Rege,kamdarimaran@example.net,7/3/2024
354,Guneet Bera,naveensibal@example.net,9/11/2023
355,Widisha Sarma,dsubramanian@example.com,6/14/2023
356,Ishaan Pau,masterkavya@example.com,10/22/2024
357,Aditya Swaminathan,samarzacharia@example.com,10/14/2023
358,Hema Lall,gulatianirudh@example.org,11/22/2023
359,Tanish Balasubramanian,aanne@example.net,6/23/2024
360,Saksham Kala,ekbal87@example.net,9/24/2024
361,Wriddhish Bedi,bguha@example.com,10/16/2024
362,Urvashi Seth,qmurthy@example.org,8/22/2023
363,Lipika Bhatti,alexander79@example.net,6/24/2024
364,Harita Randhawa,gauravmanne@example.com,9/26/2023
365,Udarsh Nagar,wakeetachaudry@example.org,4/12/2023
366,Chatura Lanka,rcontractor@example.org,3/1/2024
367,Yochana Ray,mukhopadhyayrushil@example.net,8/20/2023
368,Andrew Khalsa,morarunni@example.org,3/3/2024
369,Laban Yohannan,kparikh@example.org,2/16/2024
370,Samar Chanda,bahlishaan@example.net,11/1/2023
371,Nikita Sen,chaayakashyap@example.com,5/22/2024
372,Ridhi Savant,soodsarthak@example.org,3/24/2023
373,Kamala Khatri,tankdhriti@example.com,7/23/2024
374,Anita Walia,ckrishna@example.net,12/11/2023
375,Hemangini Goda,chandagastya@example.com,1/27/2025
376,Lakshit Narain,munshiguneet@example.com,7/12/2023
377,Lakshit Rajagopalan,auroravarenya@example.net,2/6/2025
378,Wazir Kapoor,shivansh99@example.com,3/4/2024
379,Rajeshri Tiwari,rayaanwadhwa@example.net,8/22/2023
380,Michael Warrior,chavvidora@example.com,10/28/2024
381,Yoshita Basak,xavier37@example.net,10/20/2024
382,Zinal Rau,oshayogi@example.net,12/16/2023
383,Arin Kata,vmann@example.com,4/13/2024
384,Naksh Kakar,thomasbhasin@example.com,6/19/2023
385,Gagan Aurora,anamika33@example.net,5/17/2023
386,Chandani Doshi,vanshasanghvi@example.org,1/18/2025
387,Rajeshri Doctor,siyapillai@example.org,4/5/2023
388,Garima Banik,vidhimistry@example.com,3/30/2024
389,Irya Talwar,zayanratta@example.com,4/22/2023
390,Tamanna Venkataraman,wvyas@example.org,5/28/2024
391,Kai Korpal,parth82@example.org,12/7/2023
392,Zinal Bath,zayyan96@example.com,12/20/2023
393,Rachana Nath,chackohema@example.com,5/19/2023
394,Ikshita Balakrishnan,gbhatt@example.net,1/7/2025
395,Netra Tiwari,gaurangiloke@example.net,12/14/2023
396,Gaurang Vohra,achad@example.net,5/20/2024
397,Daksh Tara,pallafarhan@example.com,1/11/2025
398,Warhi Sahni,rachitagera@example.com,2/22/2024
399,Raksha Sarna,cbaral@example.net,1/12/2025
400,Shivani Narayanan,vartyhemang@example.org,12/24/2024
401,Bimala Bajaj,zachariaanirudh@example.com,12/24/2023
402,Chandresh Dhillon,isant@example.com,6/2/2023
403,Anya Lanka,damyanti40@example.org,11/20/2024
404,Sudiksha Bir,dhingramadhavi@example.org,7/31/2024
405,Vivaan Mangal,pavani42@example.net,6/13/2024
406,Ekiya Narayanan,doctorjanani@example.net,10/20/2024
407,Tanmayi Tandon,warriorzansi@example.org,11/12/2023
408,Sanya Bhatnagar,seninaya@example.com,3/17/2024
409,Raghav Murty,rohankakar@example.org,7/13/2024
410,Rayaan Shah,zlal@example.org,3/25/2023
411,Anirudh Menon,inarain@example.org,9/25/2023
412,Ayush Edwin,udhingra@example.org,2/19/2024
413,Robert Nadig,kapoordayamai@example.net,8/17/2024
414,Rachit Sahni,aadiarya@example.net,8/1/2023
415,Ekbal Dani,smammen@example.net,2/26/2025
416,Ucchal Kumer,bachittar78@example.com,1/21/2024
417,Advik Merchant,hrout@example.com,12/8/2024
418,Vasatika Bhavsar,bhatiaekansh@example.org,10/16/2024
419,Omisha Trivedi,sagarekiya@example.org,2/26/2024
420,Bachittar Bath,rohan65@example.org,12/1/2023
421,Krish Sani,turvi87@example.net,7/6/2024
422,Veda Sundaram,cdoshi@example.net,9/21/2023
423,Ishanvi Dugar,lopakrish@example.org,10/25/2024
424,Ryan Kumer,falanmajumdar@example.net,5/9/2023
425,Praneel Pathak,divya78@example.com,8/1/2024
426,Vincent Chand,prashadjairaj@example.net,8/27/2023
427,Balveer Patel,soodharita@example.org,6/17/2023
428,Saanvi Zachariah,udyatihora@example.net,3/10/2024
429,Hemang Kata,sandalhemani@example.com,12/18/2023
430,Irya Nagarajan,dubelaksh@example.com,3/20/2023
431,Ijaya Sahni,vswamy@example.com,1/11/2024
432,Robert Sibal,murthyyachana@example.net,5/1/2024
433,Chaman Kalita,arjunyogi@example.net,2/15/2024
434,Noah Savant,meghabhattacharyya@example.org,6/10/2024
435,Liam Subramanian,bdoctor@example.com,5/19/2023
436,Samuel Lad,cpandit@example.net,4/1/2023
437,Gaurika Dhawan,chhabraronith@example.org,9/10/2024
438,Mohini Goswami,qasimbiswas@example.com,6/7/2024
439,Logan Chadha,oviyabali@example.net,12/26/2023
440,Amrita Misra,xmukherjee@example.com,5/17/2023
441,Vrinda Reddy,ykarpe@example.org,9/7/2023
442,Raghav Yadav,cdas@example.org,6/8/2023
443,Qadim Chada,rarora@example.org,5/8/2023
444,Laban Pandya,ssarma@example.com,1/31/2025
445,Agastya Varma,yashawini92@example.net,10/7/2024
446,Thomas Sen,falgunidhillon@example.org,4/20/2024
447,Samesh Raj,kakardalbir@example.org,6/15/2024
448,Anthony Naidu,nkoshy@example.net,9/3/2024
449,Oviya Sandal,wridesh73@example.net,4/10/2023
450,Madhavi Kapur,ayush79@example.net,2/12/2025
451,Warda Kakar,sabharwaladvik@example.org,12/29/2023
452,Faras Dubey,henry68@example.org,4/23/2023
453,Luke Madan,urvashidin@example.org,5/13/2023
454,Matthew Gandhi,sanya40@example.com,2/8/2024
455,Urishilla Tandon,ishwar72@example.org,12/30/2023
456,Praneel Bakshi,irathaman@example.com,8/16/2023
457,Alexander Barad,hitesh60@example.net,12/16/2023
458,Lajita Khatri,barkhaparmar@example.net,10/8/2024
459,Wahab Agarwal,viraj51@example.net,5/28/2023
460,Vedika Pingle,sridharabdul@example.com,9/24/2024
461,Kai Dhingra,kala59@example.net,11/25/2024
462,Azaan Nanda,thakkarjeevika@example.com,12/1/2024
463,Jagrati Lala,yutikapurohit@example.net,1/5/2024
464,Irya Raman,bhavanikakar@example.com,4/23/2024
465,Eta Batta,jeevikasha@example.com,2/3/2024
466,Vedika Patil,atigole@example.net,6/7/2024
467,Ekanta Krish,mugdha45@example.net,5/11/2024
468,Bachittar Narayanan,jdevan@example.org,11/28/2024
469,Zansi Sen,gbanerjee@example.com,2/6/2024
470,Elijah Deep,avirk@example.com,8/6/2024
471,Jagvi Palan,obhatt@example.com,11/26/2024
472,David Sharma,kabirhanda@example.net,3/17/2023
473,Anay Sandal,ksuri@example.com,9/20/2023
474,Urvashi Kota,suravanya@example.org,9/22/2023
475,Vasudha Chaudhuri,poojabatta@example.net,1/13/2025
476,Kamala Sankaran,jagdish93@example.org,5/27/2024
477,Harish Mukherjee,hritikchaudhary@example.com,9/10/2023
478,Hredhaan Bhakta,omya25@example.org,11/28/2023
479,Warhi Magar,jananibhardwaj@example.org,5/25/2023
480,Oni Nagi,sai76@example.com,5/18/2023
481,Ayushman Bhatt,rverma@example.org,5/29/2023
482,Ekalinga Kade,hiralsodhi@example.net,3/23/2024
483,Kevin Prabhu,tara47@example.com,8/1/2024
484,Simon Manda,chasmumbadal@example.com,2/23/2024
485,Vamakshi Andra,deolvictor@example.com,12/16/2023
486,Faqid Butala,bimala31@example.net,3/22/2024
487,Rehaan Pau,balhaar68@example.org,1/12/2024
488,Karan Goel,rachanadubey@example.com,11/1/2024
489,Wazir Divan,vidhiborah@example.org,2/26/2024
490,Libni Dalal,vohranidra@example.org,10/16/2023
491,Michael Ratti,bhavini23@example.org,1/15/2025
492,Chatura Bail,jasmitsrivastava@example.net,10/6/2024
493,Tripti Chatterjee,ppatel@example.net,2/19/2025
494,Jhalak Venkataraman,zagate@example.com,11/14/2023
495,Vritti Edwin,manthansethi@example.net,6/9/2024
496,Neel Hayer,rushil34@example.org,4/20/2024
497,Teerth Atwal,faqid78@example.org,10/31/2023
498,Gunbir Tata,omajaminhas@example.net,9/15/2023
499,Urvashi Ramachandran,ganesanviraj@example.com,5/9/2024
500,Hema Parsa,edwingunbir@example.org,4/23/2023
